image,class,maxIoU,confidence,recall,precision
004375_gblur_r5,cow,0.104948002074,0.001,"[0.0, 0.0, 0.0, 0.0, 0.0, 0.0]","[0.0, 0.0, 0.0, 0.0, 0.0, 0.0]"
003922_gblur_r13,horse,0.660906996567,0.001,"[0.0, 0.0, 1.0]","[0.0, 0.0, 0.3333333]"
003225_gblur_r5,person,0.757340873479,0.013,"[0.0, 0.0, 0.0, 0.0, 0.0, 0.0, 0.0, 0.0, 0.2, 0.2, 0.2, 0.2, 0.2, 0.2, 0.2, 0.2, 0.2, 0.2, 0.2, 0.2, 0.2, 0.2, 0.2, 0.2, 0.2, 0.2, 0.2, 0.2, 0.2]","[0.0, 0.0, 0.0, 0.0, 0.0, 0.0, 0.0, 0.0, 0.11111111, 0.1, 0.09090909, 0.08333333, 0.07692308, 0.07142857, 0.06666667, 0.0625, 0.05882353, 0.05555556, 0.05263158, 0.05, 0.04761905, 0.04545455, 0.04347826, 0.04166667, 0.04, 0.03846154, 0.03703704, 0.03571429, 0.0344827]"
003922_gblur_r13,person,0.241766335127,0.013,"[0.0, 0.0, 0.0, 0.0, 0.0, 0.0, 0.0, 0.0, 0.2, 0.2, 0.2, 0.2, 0.2, 0.2, 0.2, 0.2, 0.2, 0.2, 0.2, 0.2, 0.2, 0.2, 0.2, 0.2, 0.2, 0.2, 0.2, 0.2, 0.2]","[0.0, 0.0, 0.0, 0.0, 0.0, 0.0, 0.0, 0.0, 0.11111111, 0.1, 0.09090909, 0.08333333, 0.07692308, 0.07142857, 0.06666667, 0.0625, 0.05882353, 0.05555556, 0.05263158, 0.05, 0.04761905, 0.04545455, 0.04347826, 0.04166667, 0.04, 0.03846154, 0.03703704, 0.03571429, 0.0344827]"
